{"val_restaurant": {"eval_loss": 0.38111576437950134, "eval_accuracy": 0.78, "eval_precision": 0.7797402597402597, "eval_recall": 0.78, "eval_f1": 0.7795555555555554, "eval_runtime": 0.1279, "eval_samples_per_second": 391.061, "eval_steps_per_second": 7.821, "epoch": 10.0}, "val_drinks": {"eval_loss": 0.41770848631858826, "eval_accuracy": 0.868421052631579, "eval_precision": 0.8759398496240601, "eval_recall": 0.868421052631579, "eval_f1": 0.8664402942840973, "eval_runtime": 0.099, "eval_samples_per_second": 383.7, "eval_steps_per_second": 10.097, "epoch": 10.0}, "val_entertainment": {"eval_loss": 0.5352203249931335, "eval_accuracy": 0.8, "eval_precision": 0.8030303030303031, "eval_recall": 0.8, "eval_f1": 0.7994987468671679, "eval_runtime": 0.1029, "eval_samples_per_second": 388.619, "eval_steps_per_second": 9.715, "epoch": 10.0}, "val_shopping": {"eval_loss": 0.5997042059898376, "eval_accuracy": 0.7435897435897436, "eval_precision": 0.7672583826429981, "eval_recall": 0.7435897435897436, "eval_f1": 0.7362736900780379, "eval_runtime": 0.1013, "eval_samples_per_second": 384.837, "eval_steps_per_second": 9.868, "epoch": 10.0}}