{"val_restaurant": {"eval_loss": 0.2528100311756134, "eval_accuracy": 0.9, "eval_precision": 0.9009615384615384, "eval_recall": 0.9, "eval_f1": 0.900120433560819, "eval_runtime": 0.1286, "eval_samples_per_second": 388.929, "eval_steps_per_second": 7.779, "epoch": 10.0}, "val_drinks": {"eval_loss": 0.3904758393764496, "eval_accuracy": 0.868421052631579, "eval_precision": 0.8701754385964913, "eval_recall": 0.868421052631579, "eval_f1": 0.8686961305703281, "eval_runtime": 0.0998, "eval_samples_per_second": 380.858, "eval_steps_per_second": 10.023, "epoch": 10.0}, "val_entertainment": {"eval_loss": 0.3783580958843231, "eval_accuracy": 0.85, "eval_precision": 0.85, "eval_recall": 0.85, "eval_f1": 0.85, "eval_runtime": 0.1023, "eval_samples_per_second": 391.197, "eval_steps_per_second": 9.78, "epoch": 10.0}, "val_shopping": {"eval_loss": 0.6589394211769104, "eval_accuracy": 0.7435897435897436, "eval_precision": 0.7455093925682161, "eval_recall": 0.7435897435897436, "eval_f1": 0.7425722425722425, "eval_runtime": 0.1007, "eval_samples_per_second": 387.181, "eval_steps_per_second": 9.928, "epoch": 10.0}}